loss,grad_norm,learning_rate,epoch,step,train_runtime,train_samples_per_second,train_steps_per_second,total_flos,train_loss
0.6681,0.762805163860321,4.2080000000000004e-05,0.16,100,,,,,
0.62,1.0766173601150513,3.408e-05,0.32,200,,,,,
0.5763,0.8227019309997559,2.6079999999999998e-05,0.48,300,,,,,
0.5555,1.1863429546356201,1.808e-05,0.64,400,,,,,
0.5423,1.6905509233474731,1.008e-05,0.8,500,,,,,
0.5289,1.8014941215515137,2.08e-06,0.96,600,,,,,
,,,1.0,625,188.3041,53.106,3.319,662336993280000.0,0.5802409622192383
