{
  "accuracy": 0.4993,
  "precision": 0.49964877069744107,
  "recall": 0.9958,
  "f1": 0.6654193117273638,
  "test_infer_time_sec": 159.6229681968689
}