loss,grad_norm,learning_rate,epoch,step,train_runtime,train_samples_per_second,train_steps_per_second,total_flos,train_loss
0.6656,0.7561683654785156,4.2080000000000004e-05,0.16,100,,,,,
0.6189,1.0875146389007568,3.408e-05,0.32,200,,,,,
0.5723,0.7993506789207458,2.6079999999999998e-05,0.48,300,,,,,
0.5533,1.2361880540847778,1.808e-05,0.64,400,,,,,
0.54,1.635537028312683,1.008e-05,0.8,500,,,,,
0.5253,1.853668212890625,2.08e-06,0.96,600,,,,,
,,,1.0,625,180.3947,55.434,3.465,662336993280000.0,0.577671548461914
