loss,grad_norm,learning_rate,epoch,step,train_runtime,train_samples_per_second,train_steps_per_second,total_flos,train_loss
0.6724,0.7626310586929321,4.2080000000000004e-05,0.16,100,,,,,
0.6253,1.0794707536697388,3.408e-05,0.32,200,,,,,
0.578,0.8228564262390137,2.6079999999999998e-05,0.48,300,,,,,
0.5555,1.1991146802902222,1.808e-05,0.64,400,,,,,
0.5436,1.7157233953475952,1.008e-05,0.8,500,,,,,
0.5288,1.9037202596664429,2.08e-06,0.96,600,,,,,
,,,1.0,625,198.3,50.429,3.152,662336993280000.0,0.5821294143676757
