{
  "accuracy": 0.786,
  "precision": 0.7411467116357504,
  "recall": 0.879,
  "f1": 0.8042086001829826,
  "test_infer_time_sec": 17523.141612052917
}