{
  "accuracy": 0.8908,
  "precision": 0.8798600311041991,
  "recall": 0.9052,
  "f1": 0.8923501577287066
}